{"cameraMode":{"drawMode":0,"name":"Shaded","section":"Shading Mode"},"sceneLighting":true,"audioPlay":false,"sceneViewState":{"showFog":true,"showMaterialUpdate":true,"showSkybox":true,"showFlares":true,"showImageEffects":true,"showParticleSystems":true},"in2DMode":false,"pivot":{"x":-4.905796051025391,"y":7.442784309387207,"z":7.7609381675720219},"rotation":{"x":-0.09456952661275864,"y":-0.29879292845726015,"z":0.030104029923677446,"w":-0.9500932097434998},"size":2.8578836917877199,"orthographic":false}