{"cameraMode":{"drawMode":0,"name":"Shaded","section":"Shading Mode"},"sceneLighting":true,"audioPlay":false,"sceneViewState":{"showFog":true,"showMaterialUpdate":true,"showSkybox":true,"showFlares":true,"showImageEffects":true,"showParticleSystems":true},"in2DMode":false,"pivot":{"x":-4.746005058288574,"y":4.339223384857178,"z":25.854799270629884},"rotation":{"x":-0.07511449605226517,"y":-0.061460837721824649,"z":0.005525511223822832,"w":-0.9961352348327637},"size":22.0,"orthographic":false}