{"cameraMode":{"drawMode":0,"name":"Shaded","section":"Shading Mode"},"sceneLighting":false,"audioPlay":false,"sceneViewState":{"showFog":true,"showMaterialUpdate":false,"showSkybox":true,"showFlares":true,"showImageEffects":true,"showParticleSystems":true},"in2DMode":false,"pivot":{"x":5.094030857086182,"y":-0.49773314595222475,"z":25.50913429260254},"rotation":{"x":-0.04822633042931557,"y":-0.3026793897151947,"z":0.01767800748348236,"w":-0.9522594809532166},"size":28.224380493164064,"orthographic":false}