{"cameraMode":{"drawMode":0,"name":"Shaded","section":"Shading Mode"},"sceneLighting":true,"audioPlay":false,"sceneViewState":{"showFog":true,"showMaterialUpdate":true,"showSkybox":true,"showFlares":true,"showImageEffects":true,"showParticleSystems":true},"in2DMode":false,"pivot":{"x":-5.290294647216797,"y":11.79438591003418,"z":10.701980590820313},"rotation":{"x":-0.3352324962615967,"y":0.17452402412891389,"z":0.062335602939128879,"w":0.9245471358299255},"size":6.40169620513916,"orthographic":false}