{"cameraMode":{"drawMode":0,"name":"Shaded","section":"Shading Mode"},"sceneLighting":true,"audioPlay":false,"sceneViewState":{"showFog":true,"showMaterialUpdate":true,"showSkybox":true,"showFlares":true,"showImageEffects":true,"showParticleSystems":true},"in2DMode":false,"pivot":{"x":-54.401634216308597,"y":-7.706732749938965,"z":31.147132873535158},"rotation":{"x":-0.11851481348276138,"y":0.5401152968406677,"z":-0.07092472910881043,"w":-0.8314787149429321},"size":53.95423126220703,"orthographic":false}