{"cameraMode":{"drawMode":0,"name":"Shaded","section":"Shading Mode"},"sceneLighting":false,"audioPlay":false,"sceneViewState":{"showFog":true,"showMaterialUpdate":true,"showSkybox":false,"showFlares":true,"showImageEffects":true,"showParticleSystems":true},"in2DMode":false,"pivot":{"x":-14.321311950683594,"y":-2.327831983566284,"z":-9.173739433288575},"rotation":{"x":0.018092067912220956,"y":-0.9833104014396668,"z":0.10365976393222809,"w":0.1539759486913681},"size":61.90008544921875,"orthographic":false}