{"cameraMode":{"drawMode":0,"name":"Shaded","section":"Shading Mode"},"sceneLighting":true,"audioPlay":false,"sceneViewState":{"showFog":true,"showMaterialUpdate":true,"showSkybox":true,"showFlares":true,"showImageEffects":true,"showParticleSystems":true},"in2DMode":false,"pivot":{"x":-1.8509985208511353,"y":8.097046852111817,"z":28.136878967285158},"rotation":{"x":-0.03485223278403282,"y":0.001060550450347364,"z":0.0029563046991825105,"w":-1.0003881454467774},"size":22.0,"orthographic":false}