{"cameraMode":{"drawMode":0,"name":"Shaded","section":"Shading Mode"},"sceneLighting":false,"audioPlay":false,"sceneViewState":{"showFog":true,"showMaterialUpdate":true,"showSkybox":false,"showFlares":true,"showImageEffects":true,"showParticleSystems":true},"in2DMode":false,"pivot":{"x":12.69753360748291,"y":25.181854248046876,"z":42.40024948120117},"rotation":{"x":0.00297349039465189,"y":0.37382814288139346,"z":-0.0015028971247375012,"w":0.9283535480499268},"size":42.5344123840332,"orthographic":false}