{"cameraMode":{"drawMode":0,"name":"Shaded","section":"Shading Mode"},"sceneLighting":true,"audioPlay":false,"sceneViewState":{"showFog":true,"showMaterialUpdate":false,"showSkybox":true,"showFlares":true,"showImageEffects":true,"showParticleSystems":true},"in2DMode":false,"pivot":{"x":1.7690372467041016,"y":2.891202211380005,"z":40.67182159423828},"rotation":{"x":-0.055193670094013217,"y":-0.11878922581672669,"z":0.008516096509993077,"w":-0.9919272661209106},"size":36.606773376464847,"orthographic":false}